Algoritmo,Tempo_Busca_ms,Comparacoes
Binaria,0.000275,7.642857142857143
Hashing,0.00036285714285714285,1.0
Sequencial,0.17477571428571428,24653.14285714286
